{"cameraMode":{"drawMode":0,"name":"Shaded","section":"Shading Mode"},"sceneLighting":true,"audioPlay":false,"sceneViewState":{"showFog":true,"showMaterialUpdate":false,"showSkybox":true,"showFlares":true,"showImageEffects":true,"showParticleSystems":true},"in2DMode":false,"pivot":{"x":0.7526313066482544,"y":8.886950492858887,"z":-5.537636756896973},"rotation":{"x":0.3381457030773163,"y":0.07891876250505448,"z":-0.02846992388367653,"w":0.937366783618927},"size":3.513054370880127,"orthographic":false}