{"cameraMode":{"drawMode":0,"name":"Shaded","section":"Shading Mode"},"sceneLighting":true,"audioPlay":false,"sceneViewState":{"showFog":true,"showMaterialUpdate":false,"showSkybox":true,"showFlares":true,"showImageEffects":true,"showParticleSystems":true},"in2DMode":false,"pivot":{"x":2.530820846557617,"y":-1.7268095016479493,"z":1.4060125350952149},"rotation":{"x":-0.17617958784103394,"y":0.8221453428268433,"z":-0.352754682302475,"w":-0.4106118083000183},"size":9.82774543762207,"orthographic":false}