{"cameraMode":{"drawMode":0,"name":"Shaded","section":"Shading Mode"},"sceneLighting":true,"audioPlay":false,"sceneViewState":{"showFog":true,"showMaterialUpdate":false,"showSkybox":true,"showFlares":true,"showImageEffects":true,"showParticleSystems":true},"in2DMode":false,"pivot":{"x":1.4769096374511719,"y":-0.24078750610351563,"z":-0.14702767133712769},"rotation":{"x":-0.3835897445678711,"y":0.5923315286636353,"z":-0.37992390990257265,"w":-0.598047137260437},"size":10.024969100952149,"orthographic":false}